"fname","lname",cnumber,dlicense,age,"resident","gender","username",password
"Alana","Driversby",123456,123456789,25,"AB","F","alana@nomail.com",3214
"Alan","Alansworth",987654,133456789,24,"BC","M","alan@nomail.com",3232
"Cooper","Cadsworth",587534,986754382,21,"ON","M","cooper@nomail.com",5454
"Derrick","Drips",578742,364527183,25,"MB","M","derrick@nomail.com",6565
"Chrissy","Klawk",751235,321321312,21,"PE","F","chrissy@nomail.com",7676
"Brianna","Xander",782100,654654654,25,"YT","F","brianna@nomail.com",4344
"Veronica","Lodge",985522,888999000,22,"NS","F","veronica@nomail.com",9796
"Betty","Cooper",336655,970960593,25,"NU","F","betty@nomail.com",6043
"Archie","Andrews",665522,563018920,23,"NT","M","archie@nomail.com",2389
